{"cameraMode":{"drawMode":0,"name":"Shaded","section":"Shading Mode"},"sceneLighting":false,"audioPlay":false,"sceneViewState":{"m_AlwaysRefresh":false,"showFog":true,"showSkybox":true,"showFlares":true,"showImageEffects":true,"showParticleSystems":true,"showVisualEffectGraphs":true,"m_FxEnabled":true},"in2DMode":false,"pivot":{"x":0.07706356048583985,"y":9.364348411560059,"z":-9.704964637756348},"rotation":{"x":-0.0073297577910125259,"y":-0.9399519562721252,"z":0.3407767415046692,"w":-0.02016119286417961},"size":21.133766174316408,"orthographic":false}