{"cameraMode":{"drawMode":0,"name":"Shaded","section":"Shading Mode"},"sceneLighting":false,"audioPlay":false,"sceneViewState":{"m_AlwaysRefresh":false,"showFog":true,"showSkybox":false,"showFlares":true,"showImageEffects":true,"showParticleSystems":true,"showVisualEffectGraphs":true,"m_FxEnabled":true},"in2DMode":false,"pivot":{"x":-0.38973891735076907,"y":0.44914400577545168,"z":0.8538744449615479},"rotation":{"x":0.22816874086856843,"y":0.16611561179161073,"z":0.039543382823467258,"w":-0.958534836769104},"size":2.598076105117798,"orthographic":false}